{"PlayerPosition":{"x":-19.994564056396486,"y":22.15506935119629,"z":67.37845611572266},"PlayerRotation":{"x":-3.320095934289391e-11,"y":0.33815935254096987,"z":-6.032228210862967e-13,"w":0.9410889148712158},"Mypokemon_name":["0004.Charmander(Clone)","0005.Charmeleon(Clone)","0006.Charizard(Clone)","1114.Annihilape(Clone)","1114.Annihilape(Clone)","0570.Zorua(Clone)"],"Mypokemon_korean_name":["파이리","리자드","리자몽","저승갓숭","저승갓숭","조로아"],"Mypokemon_level":[1,12,20,16,13,24],"Mypokemon_currenthp":[0,60,80,141,136,103],"Mypokmon_Die":[true,false,false,false,false,false],"inBox_Mypokemon_name":["0151.Mew"],"inBox_Mypokemon_korean_name":["뮤"],"inBox_Mypokemon_level":[16],"inBox_Mypokemon_currenthp":[132]}